Name,Email
David,David@pragimtech.com
Sam,Sam@pragimtech.com
Tom,Tom@pragimtech.com
Mike,Mike@pragimtech.com
Pam,Pam@pragimtech.com
Sara,Sara@pragimtech.com
Todd,Todd@pragimtech.com
Alex,Alex@pragimtech.com
Mark,Mark@pragimtech.com
Simon,Simon@pragimtech.com